#id, time, nbResult
SPO,4.82202148438,1
.P.,25.080078125,2000000
.PO,61.8552246094,1000000
