#id, time, nbResult
SPO,2.0390625,1
S..,28.6459960938,2000000
SP.,20.7060546875,1000000
