#id, time, nbResult
SPO,1.96313476562,1
S.O,22.0500488281,1000000
..O,22.6408691406,2000000
